1,"Newport News, Virginia",37.0870821,-76.4730122
2,"Newport News, Virginia",37.0870821,-76.4730122
3,San Francisco,NA,NA
4,San Diego County,32.7157305,-117.1610966
5,"Boston, MA",42.3600825,-71.0588801
6,"Atlanta, GA",33.7489954,-84.3879824
7,Bazzano (BO),44.5043141,11.0799504
8,South Jersey ,NA,NA
9,"San Diego, CA",32.715738,-117.1610838
10,"Washington, D.C.",38.9071923,-77.0368707
11, New York,40.7127753,-74.0059728
12,"NoVA, USA",45.4604,-122.788377
13,"Tri-Cities, WA",46.2349999,-119.2233014
14,"Athens,Georgia",33.9519347,-83.357567
15,everywhere,29.063309,-82.05077
16,"Albuquerque, NM",35.0853336,-106.6055534
17,"NoVA, USA",45.4604,-122.788377
18,Australia,-25.274398,133.775136
19,Barcelona,41.3850639,2.1734035
20,"Tampa, FL",27.950575,-82.4571776
21,San Antonio,29.4241219,-98.4936282
22,"Georgia, USA",32.1656221,-82.9000751
23,"Blacktown, Sydney",-33.771,150.9063
24,"Arizona, USA",34.0489281,-111.0937311
25,"NoVA, USA",45.4604,-122.788377
26,Australia,-25.274398,133.775136
27,"Pittsburgh, PA",40.4406248,-79.9958864
28,"New York, USA",NA,NA
29,"California, USA",NA,NA
30,"California, USA",36.778261,-119.4179324
31,Austin,NA,NA
32,"Texas, USA",31.9685988,-99.9018131
33,"Arizona, USA",34.0489281,-111.0937311
34,New York City,NA,NA
35,"Texas, USA",NA,NA
36,United States,37.09024,-95.712891
37,New York,NA,NA
38,"Roanoke, VA",37.2709704,-79.9414266
39,"Tampa, FL & Chennai, India",27.950575,-82.4571776
40,"Washington, D.C.",NA,NA
41,"Bethesda, MD",38.984652,-77.0947092
42,"Oakland, CA",37.8043637,-122.2711137
43,"Los Angeles, CA",34.0522342,-118.2436849
44,"Grand Junction, Colorado",NA,NA
45,Indonesia,NA,NA
46,"New York, NY",NA,NA
47,"Little Rock, AR",34.7464809,-92.2895948
48,United States,37.09024,-95.712891
49,"Laval, Québec",NA,NA
50,"Aurora, IL",NA,NA
51,The Jersey Shore,NA,NA
52,"Santa Barbara, CA",34.4208305,-119.6981901
53,"Arlington, VA",38.8816208,-77.0909809
54,"Walnut Creek, California",37.9100783,-122.0651819
55,here,NA,NA
56,Eastern Virginia,36.860402,-76.3036051
57,London,51.5073509,-0.1277583
58,"Grand Prairie, TX",NA,NA
59,"Jacksonville, Florida",30.3321838,-81.655651
60,Dallas/Fort Worth,32.8998091,-97.0403352
61,"Jacksonville, FL",NA,NA
62,"Waltham, MA",42.3764852,-71.2356113
63,"Boynton Beach, FL",26.5317866,-80.0905465
64,Indianapolis,39.768403,-86.158068
65,"Raleigh, NC",35.7795897,-78.6381787
66,"Scottsdale, AZ",33.4941704,-111.9260519
67,"Dallas, TX",32.7766642,-96.7969879
68,Dallas / Fort Worth,32.8998091,-97.0403352
69,"East Windsor, NJ",NA,NA
70,Canada & USA,NA,NA
71,"Springfield, NE",41.0819432,-96.13446
72,"Arlington, VA",38.8816208,-77.0909809
73,California,NA,NA
74,United States,37.09024,-95.712891
75,Bazzano (BO),NA,NA
76,"Pittsburgh, PA",40.4406248,-79.9958864
77,"Ridgefield, CT",NA,NA
78,"College Station, TX",NA,NA
79,Tennessee,NA,NA
80,"Indianapolis, IN",39.768403,-86.158068
81,"Temecula, CA",33.4936391,-117.1483648
82,"Stamford, CT",41.0534302,-73.5387341
83,"NoVA, USA",NA,NA
84,Parkersburg WV,39.2667418,-81.5615135
85,Nevada,38.8026097,-116.419389
86,"Chicago, IL",41.8781136,-87.6297982
87,"St. Paul, MN",44.9537029,-93.0899578
88,"Vancouver, WA",45.6318397,-122.6716063
89,the hot south,34.718077,-80.7697
90,"Las Vegas, Nevada",36.1699412,-115.1398296
91,"Orlando, FL",NA,NA
92,Ireland,53.1423672,-7.6920536
93,"Temple, TX",NA,NA
94,"Atlanta, GA",33.7489954,-84.3879824
95,"Fort Worth, TX",NA,NA
96,"New York, NY",40.7127753,-74.0059728
97,"Grand Rapids, MI, USA",42.9633599,-85.6680863
98,Missouri,37.9642529,-91.8318334
99,"Seattle, WA",47.6062095,-122.3320708
100,United States,NA,NA
101,"Berlin, Germany",52.5200066,13.404954
102,New York,40.7127753,-74.0059728
103,Finland,61.92411,25.7481511
104,"Memphis, TN",35.1495343,-90.0489801
105,"California, USA",NA,NA
106,"New York, New York",NA,NA
107,"Seattle, WA",47.6062095,-122.3320708
108,Sydney,-33.8688197,151.2092955
109,New York,40.7127753,-74.0059728
110,"Nashville, TN",NA,NA
111,Ohio,40.4172871,-82.907123
112,NYC,NA,NA
113, USA ,37.09024,-95.712891
114,"Falls Church, VA",38.882334,-77.1710914
115,"Philadelphia, PA",39.9525839,-75.1652215
116,NYC,40.7127753,-74.0059728
117,Colorado,39.5500507,-105.7820674
118,"Akron, Ohio USA",41.0814447,-81.5190053
119,"Chapel Hill, North Carolina",35.9131996,-79.0558445
120,"Burlington, VT",44.4758825,-73.212072
121,"Columbus, OH",39.9611755,-82.9987942
122,Metro New York,NA,NA
123,"Minneapolis, MN",44.977753,-93.2650108
124,"Bethesda, MD",38.984652,-77.0947092
125,United States,NA,NA
126,"Tuttle, OK",35.2908947,-97.8122658
127,"Allentown, PA.",NA,NA
128,"Addison, IL",41.931696,-87.9889556
129,"Chapel Hill, NC",35.9131996,-79.0558445
130,New England,43.9653889,-70.8226541
131,United States,37.09024,-95.712891
132,"Stanford, CA",37.424106,-122.1660756
133,Minnesota,46.729553,-94.6858998
134,Washington,47.7510741,-120.7401385
135,"Arlington, VA",38.8816208,-77.0909809
136,United States,37.09024,-95.712891
137,US,37.09024,-95.712891
138,Westchester NY,41.1220194,-73.7948516
139,"Sacramento, CA",NA,NA
140,"Philadelphia, PA",39.9525839,-75.1652215
141,Belgium,50.503887,4.469936
142,"Brooklyn, NY",40.6781784,-73.9441579
143,"Jackson, Michigan",42.245869,-84.4013462
144,"Philadelphia, PA",39.9525839,-75.1652215
145,Colorado,39.5500507,-105.7820674
146,"Dallas, TX",32.7766642,-96.7969879
147,"Silver Spring, Maryland",NA,NA
148,"Washington, D.C.",NA,NA
149,Canada,56.130366,-106.346771
150,"Pleasant Grove, UT",40.3641184,-111.73854
151,Philadelphia,NA,NA
152,mission2heal,NA,NA
153,"NoVA, USA",NA,NA
154,Los Angeles,34.0522342,-118.2436849
155,"Phoenix, AZ",33.4483771,-112.0740373
156,"Houston, TX",29.7604267,-95.3698028
157,"Roanoke, VA",NA,NA
158,NYC,40.7127753,-74.0059728
159,USA,37.09024,-95.712891
160,"Irving, TX",NA,NA
161,"New York, NY",40.7127753,-74.0059728
162,Delaware,38.9108325,-75.5276699
163,"Athens, GA  + Franklin, TN",NA,NA
164,NYC,40.7127753,-74.0059728
165,"Sunnyvale, CA",37.36883,-122.0363496
166,"Waterloo, IA",42.492786,-92.3425775
167,"Dallas, Texas",32.7766642,-96.7969879
168,"New York, USA",40.7127753,-74.0059728
169,"Columbus, OH",39.9611755,-82.9987942
170,"Ann Arbor, MI",42.2808256,-83.7430378
171,United States,NA,NA
172,Iowa,NA,NA
173,"New Jersey, USA",NA,NA
174,Canada,56.130366,-106.346771
175,Southeastern Wisconsin,43.0143117,-88.1807675
176,United States,NA,NA
177,"Greensboro, NC",36.0726354,-79.7919754
178,United States,37.09024,-95.712891
179,"Durham, NC",NA,NA
180,"Scottsdale, AZ",33.4941704,-111.9260519
181,"Lincoln Park, Chicago, IL ",41.9214378,-87.6513043
182,"Arlington, VA",38.8816208,-77.0909809
183,"Toronto, Ontario",NA,NA
184,"Lillian, Alabama",NA,NA
185,"Phoenix, AZ",NA,NA
186,Canada,NA,NA
187,New York City,40.7127753,-74.0059728
188,"Parsippany, NJ",40.8652865,-74.4173877
189,"San Diego, CA",32.715738,-117.1610838
190,Denver,39.7392358,-104.990251
191,"Toronto, Ontario",43.653226,-79.3831843
192,"Ann Arbor, MI",42.2808256,-83.7430378
193,"Seattle, WA",47.6062095,-122.3320708
194,"Washington, DC",NA,NA
195,"Arlington, VA",38.8816208,-77.0909809
196,"Cranbury, NJ",40.3025907,-74.511172
197,"Silver Spring, Maryland",38.9906657,-77.026088
198,"Washington, DC",38.9071923,-77.0368707
199,"Hudson, NY",42.2528649,-73.790959
200,Ann Arbor,42.2808256,-83.7430378
201,"Washington, DC",38.9071923,-77.0368707
202,"Buea, Cameroon",NA,NA
203,Italia ,41.87194,12.56738
204,Firenze ,NA,NA
205,"Atlanta, GA",33.7489954,-84.3879824
206,"Washington, DC",38.9071923,-77.0368707
207,"Washington, DC",38.9071923,-77.0368707
208,"Fort Worth, TX",NA,NA
209,"Columbus, OH",39.9611755,-82.9987942
210,"Miami, FL",NA,NA
211,Washington,47.7510741,-120.7401385
212,"Memphis, TN",35.1495343,-90.0489801
213,"Columbus, OH",39.9611755,-82.9987942
214,"Columbus, Ohio",39.9611755,-82.9987942
215,"NoVA, USA",45.4604,-122.788377
216,"Huntersville, NC",35.410694,-80.8428504
217,San Francisco,37.7749295,-122.4194155
218,Toronto,43.653226,-79.3831843
219,"Orlando, FL",NA,NA
220,"Philadelphia, PA",NA,NA
221,"Fountain Valley, CA",33.7090212,-117.9544069
222,SAN DIEGO,32.715738,-117.1610838
223,New York,40.7127753,-74.0059728
224,SAN DIEGO,32.715738,-117.1610838
225,"Rockaway, New Jersey",40.9012101,-74.5143232
226,"Bay Area, CA",NA,NA
227,"District of Columbia, USA",38.9071923,-77.0368707
228,"Arlington, VA",38.8816208,-77.0909809
229,United States,37.09024,-95.712891
230,"Upstate NY, USA",43.0402889,-76.1390412
231,"Skokie, IL",42.0324025,-87.7416246
232,"Bessemer, AL",33.4017766,-86.954437
233,"Des Moines, Iowa",41.6005448,-93.6091064
234,"Chicago, IL",NA,NA
235,"Cranbury, NJ",40.3025907,-74.511172
236,"Charlottesville, VA",NA,NA
237,"Columbia, MD",39.2037144,-76.8610462
238,"Bethesda, MD",38.984652,-77.0947092
239,"Fort Worth, TX",32.7554883,-97.3307658
240,"Riyadh, Kingdom of Saudi Arabia",24.7135517,46.6752957
241,"Washington, DC",38.9071923,-77.0368707
242,"Falls Church, VA",38.882334,-77.1710914
243,Canada,56.130366,-106.346771
244,"Cincinnati, Ohio",39.1031182,-84.5120196
245,"Milan, Bologna, Florence (with AV)",NA,NA
246,"Atlanta, GA",33.7489954,-84.3879824
247,"Chicago, IL",41.8781136,-87.6297982
248,"West Hurley, NY",41.9973144,-74.104864
249,"Washington, DC",38.9071923,-77.0368707
250,"Raritan, New Jersey",NA,NA
251,2009-07-29 19:38:39,NA,NA
252,Texas,31.9685988,-99.9018131
253,"Grand Rapids, MI",42.9633599,-85.6680863
254,Washington,47.7510741,-120.7401385
255,Washington,47.7510741,-120.7401385
256,"Canary Islands, Spain",28.2915637,-16.6291304
257,"NoVA, USA",NA,NA
258,"Rumson, NJ",40.372054,-73.9990269
259,"Estero, FL",26.438136,-81.8067523
260,"Atlanta, GA",33.7489954,-84.3879824
261,"Oklahoma, USA",35.0077519,-97.092877
262,"Washington, DC",NA,NA
263,"Atlanta, GA",33.7489954,-84.3879824
264,"Austin, TX",30.267153,-97.7430608
265,"Columbia, South Carolina",34.0007104,-81.0348144
266,"Denver, CO",39.7392358,-104.990251
267,Canada,56.130366,-106.346771
268,"Cranbury, NJ",40.3025907,-74.511172
269,"Dallas, TX",32.7766642,-96.7969879
270,SAN DIEGO,NA,NA
271,Washington,NA,NA
272,"Bethesda, MD",38.984652,-77.0947092
273,"Wilmington, NC",34.2257255,-77.9447102
274,"Gilbert, AZ",33.3528264,-111.789027
275,"Charleston, SC",32.7764749,-79.9310512
276,Indiana,40.2671941,-86.1349019
277,"Citrus County, FL",28.8848842,-82.5185837
278,Connecticut,41.6032207,-73.087749
279,"Washington, DC",NA,NA
280,"Phoenix, Arizona",33.4483771,-112.0740373
281,"Phoenix, Arizona",NA,NA
282,SAN DIEGO,NA,NA
283,Washington,NA,NA
284,Washington,47.7510741,-120.7401385
285,SAN DIEGO,32.715738,-117.1610838
286,Washington,47.7510741,-120.7401385
287,Washington,47.7510741,-120.7401385
288,Washington,47.7510741,-120.7401385
289,"Bristol, CT",41.6717648,-72.9492703
290,Washington,47.7510741,-120.7401385
291,Canada,56.130366,-106.346771
292,Washington,47.7510741,-120.7401385
293,"Minneapolis, MN",44.977753,-93.2650108
294,"Minneapolis, MN",44.977753,-93.2650108
295,"New York, NY, USA",NA,NA
296,New York,40.7127753,-74.0059728
297,Gariba City,26.4200253,84.8958731
298,Romania,45.943161,24.96676
299,"Media, Pa.",NA,NA
300,"Catonsville, Md.",NA,NA
301,"Harrisburg, Pa.",40.2731911,-76.8867008
302,"Mechanicsburg, PA",40.2142565,-77.0085876
303,"Liverpool, NY",NA,NA
304,Nagpur ,21.1458004,79.0881546
305,Mumbai,19.0759837,72.8776559
306,"Ohio, USA",40.4172871,-82.907123
307,"Westerville, OH and Canton, OH",40.1261743,-82.9290696
308,"London, Ontario",42.9849233,-81.2452768
309,FL,27.6648274,-81.5157535
310,"Atlanta, GA",33.7489954,-84.3879824
311,Washington,47.7510741,-120.7401385
312,Barcelona - Spain,41.3850639,2.1734035
313,"Michigan, USA",44.3148443,-85.6023643
314,london,51.5073509,-0.1277583
315,Pennsylvania,41.2033216,-77.1945247
316,Ireland,53.1423672,-7.6920536
317,"Philadelphia, PA",39.9525839,-75.1652215
318,"Jacksonville, Florida, USA",30.3321838,-81.655651
319,Chicago,41.8781136,-87.6297982
320,Berkshire,NA,NA
321,Berkshire,42.3042402,-76.1865964
322,"Mesa, AZ",33.4151843,-111.8314724
323,"Lafayette, IN",40.4167022,-86.8752869
324,Earth,NA,NA
325,Earth,34.2331373,-102.4107493
326,donde esta la bibliotecha,NA,NA
327,United States,NA,NA
328,Deutschland,NA,NA
329,United States,37.09024,-95.712891
330,NY Baby!,40.863007,-73.9023166
331,"Waco, TX",NA,NA
332,mexifornia,NA,NA
333,"333 Delaware Ave, Delmar NY",42.6238578,-73.8298257
334,"Vancouver, BC",49.2827291,-123.1207375
335,Rogers ar.,36.3320196,-94.1185366
336,USA,NA,NA
337,United States,NA,NA
338,"Bend, OR",44.0581728,-121.3153096
339,"St Petersburg, FL",27.7676008,-82.6402915
340,"Anaheim, California",33.8365932,-117.9143012
341,San Antonio,NA,NA
342,USA,37.09024,-95.712891
343,"Edmonton, Alberta, Canada",53.544389,-113.4909267
344,"Greensboro, NC",36.0726354,-79.7919754
345,Austin,30.267153,-97.7430608
346,United States,37.09024,-95.712891
347,US,NA,NA
348,Los Angeles,34.0522342,-118.2436849
349,"South Carolina, USA",33.836081,-81.1637245
350,Boston area,42.365854,-71.102018
351,"Gatlinburg, TN, USA",35.714259,-83.5101638
352,"California, USA",NA,NA
353,"Chicago, IL",41.8781136,-87.6297982
354,"Hallandale, Fl",25.9812024,-80.148379
355,.US,NA,NA
356,"Bethesda, MD",38.984652,-77.0947092
357,USA,37.09024,-95.712891
358,"New York, NY",40.7127753,-74.0059728
359,"Xenia, OH",39.6847822,-83.9296526
360,"Newtown Square, Pa.",39.9868904,-75.4007058
361,"Newtown Square, Pa.",39.9868904,-75.4007058
362,DC/Maryland region,NA,NA
363,"New York, USA",40.7127753,-74.0059728
364,"Florida, USA",27.6648274,-81.5157535
365,"Orange County, CA",33.7174708,-117.8311428
366,"New Jersey, USA",NA,NA
367,"Piscataway, NJ ",40.554887,-74.4642861
368,"Newtown Square, Pa.",39.9868904,-75.4007058
369,"Boise, ID",NA,NA
370,Florida,27.6648274,-81.5157535
371,San Francisco,NA,NA
372,"Orange, CA",33.7879139,-117.8531007
373,"Texas, USA",31.9685988,-99.9018131
374,AI Curated Anthropocene,NA,NA
375,"Caracas, Venezuela",NA,NA
376,"Dayton, OH",39.7589478,-84.1916069
377,"Ann Arbor, MI",42.2808256,-83.7430378
378,Land of the Rising Sun,36.204824,138.252924
379,Land of the Rising Sun,36.204824,138.252924
380,Forest Hill,32.6720777,-97.2691812
381,"District of Columbia, USA",NA,NA
382,"Washington, DC",38.9071923,-77.0368707
383,"New York, NY",40.7127753,-74.0059728
384,"Bethesda, MD",NA,NA
385,Deerfield Beach Florida,NA,NA
386,"Meridian, ID",NA,NA
387,"Hudson, WI",NA,NA
388,"Guayaquil, Ecuador",NA,NA
389,India,20.593684,78.96288
390,"Boston, MA",42.3600825,-71.0588801
391,USA,NA,NA
392,"Washington, D.C.",38.9071923,-77.0368707
393,"Evansville, IN",37.9715592,-87.5710898
394,Los Angeles,34.0522342,-118.2436849
395,"Ontario, Canada",51.253775,-85.323214
396,"Alexandria, VA",NA,NA
397,Kansas USA,NA,NA
398,"Evansville, IN",37.9715592,-87.5710898
399,"Evansville, Indiana",37.9715592,-87.5710898
400,"Casa Grande,Arizona",32.9110027,-111.7733902
401,"Brookfield, IL",NA,NA
402,Los Angeles,34.0522342,-118.2436849
403,"Trumbull, CT",41.2428563,-73.2006639
404,"San Diego, CA",32.715738,-117.1610838
405,"Chandler, AZ",33.3061605,-111.8412502
406,"Verona, NJ",NA,NA
407,Ireland,53.1423672,-7.6920536
408,"New York, NY",40.7127753,-74.0059728
409,"Newtown Square, PA",NA,NA
410,"Newtown Square, PA",39.9868904,-75.4007058
411,Canada,NA,NA
412,"Glen Ellen, CA",38.3640795,-122.5241487
413,Washington state ,NA,NA
414,"Washington, USA",NA,NA
415,"Minneapolis, MN",44.977753,-93.2650108
416,Ireland.,53.1423672,-7.6920536
417,"League City, TX",29.5074538,-95.0949303
418,"Philadelphia, PA",39.9525839,-75.1652215
419,"Danville, Pa",40.96342,-76.6127329
420,"Seattle, Washington",NA,NA
421,"Flourtown, PA",NA,NA
422,"Missouri, USA",37.9642529,-91.8318334
423,Boston area,42.365854,-71.102018
424,"Bethesda, MD",NA,NA
425,"Georgia, USA",32.1656221,-82.9000751
426,"New York, NY",40.7127753,-74.0059728
427,Manchester,NA,NA
428,"Texas, USA",31.9685988,-99.9018131
429,U.S.,NA,NA
430,Nashville/NYC,43.077222,-78.866111
431,"Bronx, NY",NA,NA
432,"Liverpool, England",53.4083714,-2.9915726
433,"San Francisco, CA",NA,NA
434,LYON,45.764043,4.835659
435,"Irvine, CA",33.6845673,-117.8265049
436,"Columbus, OH",39.9611755,-82.9987942
437,"Ottawa, Ontario",45.4215296,-75.6971931
438,"New York, NY",40.7127753,-74.0059728
439,"New York, New York",NA,NA
440,"Florida, USA",NA,NA
441,"Dallas, TX",32.7766642,-96.7969879
442,"Los Alamitos, CA",33.8032009,-118.0718894
443,Earth,34.2331373,-102.4107493
444,"Elgin, IL",NA,NA
445,Canada,56.130366,-106.346771
446,"Nairobi, Kenya",-1.2920659,36.8219462
447,New York City,NA,NA
448,"Edmonton, Alberta",53.544389,-113.4909267
449,"USA, Maryland",39.0457549,-76.6412712
450,"Aurora, Illinois",NA,NA
451,NJ,NA,NA
452,"Washington, D.C.",38.9071923,-77.0368707
453,"Washington, DC",38.9071923,-77.0368707
454,"Queen Creek, AZ",33.2486638,-111.6342993
455, SA,23.885942,45.079162
456,"Ottawa, Ontario",45.4215296,-75.6971931
457,"Ladysmith, British Columbia",48.99534,-123.8161
458,"Columbus, OH",NA,NA
459,"Ontario, Canada",51.253775,-85.323214
460,Central Massachusetts,42.2633192,-71.8034784
461,United States of America,37.09024,-95.712891
462,"Labrador City, NL",52.9390014,-66.914216
463,"Chicago, IL",41.8781136,-87.6297982
464,Canada,56.130366,-106.346771
465,"New York, NY",40.7127753,-74.0059728
466,Scottsdale AZ,NA,NA
467,FALSE,NA,NA
468,"White Oak, MD",NA,NA
469,New York,40.7127753,-74.0059728
470,Ecuador,NA,NA
471,"Guelph, Ontario",43.5448048,-80.2481666
472,"Boston, MA",42.3600825,-71.0588801
473,"Falls Church, VA",NA,NA
474,"Into The Badlands, Canada",NA,NA
475,"Tampa, FL",27.950575,-82.4571776
476,"New York, NY 10014",40.7366138,-74.0094471
477,"Frederick, MD",39.4142688,-77.4105409
478,"Houston, TX",29.7604267,-95.3698028
479,"Madison, WI",43.0730517,-89.4012302
480,"Virginia Tech, Blacksburg VA",37.2283843,-80.4234167
481,"Ft. Lauderdale, FL",NA,NA
482,"Woonsocket, RI",NA,NA
483,Vilanova del Passerell,42.976935,2.7753408
484,World Wide ,36.153315,-95.971261
485,SANTA MONICA,34.0194543,-118.4911912
486,Finland,61.92411,25.7481511
487,New York City,NA,NA
488,finland,61.92411,25.7481511
489,Earth... ,34.2331373,-102.4107493
490,"Woodstock, GA",34.1014873,-84.5193754
491,"Washington, USA",47.7510741,-120.7401385
492,"Ohio, USA",40.4172871,-82.907123
493,"Los Angeles, CA",34.0522342,-118.2436849
494,SAN DIEGO,32.715738,-117.1610838
495,Dream Realm,NA,NA
496,"Nairobi, Kenya",-1.2920659,36.8219462
497,US,NA,NA
498,"Houston, TX",29.7604267,-95.3698028
499,"Minnesota, USA",46.729553,-94.6858998
500,United States,37.09024,-95.712891
501,"Bethlehem, Pennsylvania",NA,NA
502,"Madison, WI",43.0730517,-89.4012302
503,"Cupertino, CA",37.3229978,-122.0321823
504,"Indianapolis, Indiana",39.768403,-86.158068
505,Austin,30.267153,-97.7430608
506,"Saint John, New Brunswick",NA,NA
507,Univ Stony Brook Public Health,40.9123761,-73.1233889
508,"Orange County, CA",33.7174708,-117.8311428
509,"Mission Viejo, CA",33.5968913,-117.6581562
510,"Blacksburg, VA",NA,NA
511,"Emeryville, CA",37.831316,-122.2852473
512,San Antonio,29.4241219,-98.4936282
513,"Colorado, USA",39.5500507,-105.7820674
514,United States,37.09024,-95.712891
515,"Los Angeles, CA",34.0522342,-118.2436849
516,College Station,30.627977,-96.3344068
517,"Boston, MA",42.3600825,-71.0588801
518,United Kingdom,NA,NA
519,"Seattle, Wa",47.6062095,-122.3320708
520,"Geneva, Switzerland",46.2043907,6.1431577
521,"Hallandale, Fl",25.9812024,-80.148379
522,Indianapolis,NA,NA
523,"San Mateo County, California",37.4337342,-122.4014193
524,"Sacramento, CA",38.5815719,-121.4943996
525,New York,40.7127753,-74.0059728
526,"Jefferson City, MO",NA,NA
527,Worldwide,36.153315,-95.971261
528,ConnectiBostoYork & LA,NA,NA
529,"Rogers, AR",36.3320196,-94.1185366
530,"Bethesda, MD",38.984652,-77.0947092
531,Florida,NA,NA
532,"New York, NY",40.7127753,-74.0059728
533,New York,40.7127753,-74.0059728
534,San Francisco,NA,NA
535,"Hamilton, Ontario",NA,NA
536,"Berkeley, CA",NA,NA
537,Wherever women are. ,NA,NA
538,"McAllen, TX",26.2034071,-98.2300124
539,Calgary,51.0486151,-114.0708459
540,United States,37.09024,-95.712891
541,around de world,49.1661909,-123.9369771
542,"Golden, CO",39.755543,-105.2210997
543,"East Windsor, NJ",40.2677539,-74.5402506
544,"New York, NY",40.7127753,-74.0059728
545,"Penn State Mont Alto, PA",39.8406628,-77.5425986
546,"New York, New York",36.1023715,-115.1745559
547,"Sacramento, CA",38.5815719,-121.4943996
548,"Simi Valley, CA",34.2694474,-118.781482
549,"Texas, USA",31.9685988,-99.9018131
550,"Division No. 11, Saskatchewan",51.7778129,-106.009897
551,"Scottsdale, AZ",33.4941704,-111.9260519
552,"Earth, USA",34.2331373,-102.4107493
553,"Burlington, Ontario",NA,NA
554,"Timmins, Ontario",48.4758208,-81.3304953
555,"Dallas, TX",NA,NA
556,Toronto,43.653226,-79.3831843
557,New York,NA,NA
558,"New York, NY",NA,NA
559,"Falls Church, VA",NA,NA
560,Bay City MI,NA,NA
561,"San Diego, CA",NA,NA
562,"Springfield, IL",39.7817213,-89.6501481
563,Las Vegas,36.1699412,-115.1398296
564,...,NA,NA
565,118506,1.273761,103.796365
566,LOVE LIFE IT WILL LOVE YA BACK,NA,NA
567,"Verona, NJ",40.8298006,-74.2401609
568,"Las Vegas, Nevada",36.1699412,-115.1398296
569,"San Diego, CA",NA,NA
570,Romania,45.943161,24.96676
571,"Spokane, WA",47.6587802,-117.4260465
572,Scottsdale Arizona,33.4941704,-111.9260519
573,"Washington, DC ",38.9071923,-77.0368707
574,"New Jersey, USA",NA,NA
575,"North Carolina, USA",35.7595731,-79.0192997
576,CCIM,41.8903616,-87.6248005
577,"Chicago, IL",NA,NA
578,"Scottsdale, AZ",33.4941704,-111.9260519
579,"Marion, Va",36.8348383,-81.5148368
580,United States,37.09024,-95.712891
581,"Brooklyn, Queens, Long Island",NA,NA
582,"Oakland County, Michigan",NA,NA
583,California,36.778261,-119.4179324
584,"Washington, DC",38.9071923,-77.0368707
585,"Tampa Bay, Florida",NA,NA
586,"Los Angeles, CA",NA,NA
587,"Bethesda, MD",38.984652,-77.0947092
588,"phoenix, Arizona",33.4483771,-112.0740373
589,Canada,NA,NA
590,"Charlotte, NC",35.2270869,-80.8431267
591,Canada,56.130366,-106.346771
592,DrHowardKoh,42.3377142,-71.0714603
593,"Staten Island, NY",40.5795317,-74.1502007
594,"Evansville,Indiana",37.9715592,-87.5710898
595,"Addison, IL",41.931696,-87.9889556
596,"Denver, Colorado",39.7392358,-104.990251
597,"Falls Church, VA",NA,NA
598,"Dallas, Texas",NA,NA
599,Ottawa ON CANADA,45.4215296,-75.6971931
600,"Boston, MA",42.3600825,-71.0588801
601,"Bronx, NY",40.8447819,-73.8648268
602,"Mesa, AZ",33.4151843,-111.8314724
603,"Ottawa, Ontario",45.4215296,-75.6971931
604,"Simi Valley, CA",34.2694474,-118.781482
605,"Verona, NJ",40.8298006,-74.2401609
606,"Miami, FL",NA,NA
607,"New York, NY",40.7127753,-74.0059728
608,"Philadelphia, PA",39.9525839,-75.1652215
609,"Massachusetts, USA",42.4072107,-71.3824374
610,San Francisco,37.7749295,-122.4194155
611,Los Angeles,34.0522342,-118.2436849
612,"Houston, TX",29.7604267,-95.3698028
613,USA,37.09024,-95.712891
614,"Philadelphia, PA",NA,NA
615,"Odessa, TX",31.8456816,-102.3676431
616,Living on airplanes,NA,NA
617,"Spokane, WA",47.6587802,-117.4260465
618,Nevada,38.8026097,-116.419389
619,New York,40.7127753,-74.0059728
620,"Earth, USA",NA,NA
621,"Sao Paulo, Brazil",NA,NA
622,"New York, NY",40.7127753,-74.0059728
623,"New York, New York",36.1023715,-115.1745559
624,"Scottsdale, Arizona, USA",NA,NA
625,New York City,40.7127753,-74.0059728
626,"Zanesville, OH",39.9403453,-82.0131924
627,"Tonawanda, NY",43.0203347,-78.880315
628,"Chicago, IL",41.8781136,-87.6297982
629,"Birmingham, AL",NA,NA
630,"Orange County, CA",33.7174708,-117.8311428
631,"Orange County, CA",NA,NA
632,New York City,40.7127753,-74.0059728
633,"Algiers,  LA",29.9220105,-90.0139908
634,"Dayton, OH",39.7589478,-84.1916069
635,"Brussel, Holland",51.6088715,4.7840062
636,"Alabama, USA",32.3182314,-86.902298
637,"Washington, D.C.",38.9071923,-77.0368707
638,"Tampa, FL",27.950575,-82.4571776
639,"Hoffman Estates, IL",NA,NA
640,mattbriscoenews,NA,NA
641,"Eastbourne, England",NA,NA
642,"Eastbourne, England",50.768035,0.290472
643,US,37.09024,-95.712891
644,Indiana ,NA,NA
645,"Vic, Catalunya",41.9304373,2.2544335
646,"Jos, Nigeria",9.8965273,8.8583309
647,Singapore,1.352083,103.819836
648,United States,37.09024,-95.712891
649,SAN DIEGO,32.715738,-117.1610838
650,"Santa Fe, TX",29.3780129,-95.1057625
651,United States,37.09024,-95.712891
652,"San Diego, CA",32.715738,-117.1610838
653,"Los Angeles, CA",NA,NA
654,"Sacramento, CA",NA,NA
655,Never Never Land,38.7305685,-75.1567883
656,"Clarkson, Ontario, Canada",43.5230563,-79.6318887
657, Paulo-SP/Brasil,-23.5505199,-46.6333094
658,Peru,-9.189967,-75.015152
659,"Toronto, Canada",43.653226,-79.3831843
660,"Coeur d'Alene, ID",47.6776832,-116.7804664
661,"Fort Smith, AR",35.3859242,-94.3985475
662,United States,37.09024,-95.712891
663,"Staten Island, NY",40.5795317,-74.1502007
664,"San Francisco, CA",37.7749295,-122.4194155
665,"Delray Beach, FL",26.4614625,-80.0728201
666,"San Diego, CA",32.715738,-117.1610838
667,"Washington, DC",38.9071923,-77.0368707
668,US,37.09024,-95.712891
669,San Francisco Bay Area,37.8271784,-122.2913078
670,"Bay Area, CA",37.8271784,-122.2913078
671,"White Oak, MD",NA,NA
672,Washington DC,38.9071923,-77.0368707
673,"San Francisco, CA",NA,NA
674,"Langley, WA",48.0400945,-122.406257
675,Florida,NA,NA
676,"Helotes, TX",29.5780056,-98.6897451
677,"Miami Beach, FL",25.790654,-80.1300455
678,"Livermore, CA",NA,NA
679,"British Columbia, Canada",53.7266683,-127.6476205
680,"Washington, DC",38.9071923,-77.0368707
681,mission2heal,NA,NA
682,"New York, NY",NA,NA
683,"Ohio, USA",40.4172871,-82.907123
684,United States,37.09024,-95.712891
685,"Charlotte, NC",NA,NA
686,In Jesus ,37.17338,-94.305579
687,San Francisco,37.7749295,-122.4194155
688,"Wisconsin, USA",NA,NA
689,"San Antonio, Texas",29.4241219,-98.4936282
690,"Otttawa, ON",NA,NA
691,Newfoundland and Labrador,NA,NA
692,"New Jersey, USA",40.0583238,-74.4056612
693,New York City,NA,NA
694,"Hallandale, Fl",25.9812024,-80.148379
695,"Newtown Square, Pa.",39.9868904,-75.4007058
696,"Newtown Square, Pa.",NA,NA
697,"Santa Ana, CA",NA,NA
698,"Sydney,Australia",-33.8688197,151.2092955
699,"Toronto, Ontario",43.653226,-79.3831843
700,"Bethesda, MD",38.984652,-77.0947092
701,"Jefferson City, MO",38.5767017,-92.1735164
702,"Orlando, FL ",28.5383355,-81.3792365
703,"Dallas, TX",32.7766642,-96.7969879
704,"Chicago, IL",NA,NA
705,"Schenectady, NY",42.8142432,-73.9395687
706,"Dover, DE",NA,NA
707,California,NA,NA
708,Halifax,41.991213,-70.861985
709,"Dallas, TX",32.7766642,-96.7969879
710,"Florida, USA",NA,NA
711,Valhalla & Geneva,41.0748188,-73.7751326
712,ottawa,45.4215296,-75.6971931
713,"Memphis, TN",35.1495343,-90.0489801
714,"Milwaukee, WI",43.0389025,-87.9064736
715,"Ottawa, Ontario",45.4215296,-75.6971931
716,Romania,NA,NA
717,"Spokane, WA",NA,NA
718,Scottsdale Arizona,33.4941704,-111.9260519
719,"Washington, DC ",38.9071923,-77.0368707
720,"New Jersey, USA",40.0583238,-74.4056612
721,"North Carolina, USA",35.7595731,-79.0192997
722,CCIM,41.8903616,-87.6248005
723,"Chicago, IL",41.8781136,-87.6297982
724,"Scottsdale, AZ",33.4941704,-111.9260519
725,"Marion, Va",36.8348383,-81.5148368
726,United States,37.09024,-95.712891
727,"Brooklyn, Queens, Long Island",NA,NA
728,FL350 or higher/SCUBA +2atm,NA,NA
729,"Oakland County, Michigan",42.5921924,-83.336188
730,California,36.778261,-119.4179324
731,"Washington, DC",38.9071923,-77.0368707
732,"Tampa Bay, Florida",NA,NA
733,"Los Angeles, CA",NA,NA
734,"Bethesda, MD",38.984652,-77.0947092
735,"phoenix, Arizona",NA,NA
736,Canada,56.130366,-106.346771
737,"Charlotte, NC",NA,NA
738,Canada,56.130366,-106.346771
739,DrHowardKoh,42.3377142,-71.0714603
740,"Staten Island, NY",NA,NA
741,"Evansville,Indiana",37.9715592,-87.5710898
742,"Addison, IL",41.931696,-87.9889556
743,"Denver, Colorado",39.7392358,-104.990251
744,"Falls Church, VA",NA,NA
745,"Dallas, Texas",32.7766642,-96.7969879
746,Ottawa ON CANADA,NA,NA
747,"Boston, MA",42.3600825,-71.0588801
748,"Bronx, NY",40.8447819,-73.8648268
749,"Mesa, AZ",33.4151843,-111.8314724
750,"Ottawa, Ontario",45.4215296,-75.6971931
751,"Simi Valley, CA",34.2694474,-118.781482
752,"Verona, NJ",40.8298006,-74.2401609
753,"Miami, FL",NA,NA
754,"New York, NY",40.7127753,-74.0059728
755,"Philadelphia, PA",39.9525839,-75.1652215
756,"Massachusetts, USA",NA,NA
757,San Francisco,37.7749295,-122.4194155
758,Los Angeles,34.0522342,-118.2436849
759,"Houston, TX",29.7604267,-95.3698028
760,USA,37.09024,-95.712891
761,"Philadelphia, PA",39.9525839,-75.1652215
762,"Odessa, TX",31.8456816,-102.3676431
763,Living on airplanes,NA,NA
764,"Spokane, WA",47.6587802,-117.4260465
765,Nevada,38.8026097,-116.419389
766,New York,40.7127753,-74.0059728
767,"Earth, USA",34.2331373,-102.4107493
768,"Sao Paulo, Brazil",-23.5505199,-46.6333094
769,"New York, NY",40.7127753,-74.0059728
770,"New York, New York",36.1023715,-115.1745559
771,"Scottsdale, Arizona, USA",33.4941704,-111.9260519
772,New York City,40.7127753,-74.0059728
773,"Zanesville, OH",39.9403453,-82.0131924
774,"Tonawanda, NY",43.0203347,-78.880315
775,"Chicago, IL",41.8781136,-87.6297982
776,"Birmingham, AL",33.5206608,-86.80249
777,"Orange County, CA",NA,NA
778,"Orange County, CA",33.7174708,-117.8311428
779,New York City,40.7127753,-74.0059728
780,"Algiers,  LA",29.9220105,-90.0139908
781,"Dayton, OH",39.7589478,-84.1916069
782,"Brussel, België/Zuid-Holland",NA,NA
783,"Alabama, USA",32.3182314,-86.902298
784,"Washington, D.C.",38.9071923,-77.0368707
785,"Tampa, FL",NA,NA
786,"Hoffman Estates, IL",NA,NA
787,mattbriscoenews,NA,NA
788,"Eastbourne, England",NA,NA
789,"Eastbourne, England",50.768035,0.290472
790,US,37.09024,-95.712891
791,Indiana ,40.2671941,-86.1349019
792,"Vic, Catalunya",41.9304373,2.2544335
793,"Jos, Nigeria",NA,NA
794,Singapore,1.352083,103.819836
795,United States,NA,NA
796,SAN DIEGO,NA,NA
797,"Santa Fe, TX",29.3780129,-95.1057625
798,United States,37.09024,-95.712891
799,"San Diego, CA",32.715738,-117.1610838
800,"Los Angeles, CA",34.0522342,-118.2436849
801,"Sacramento, CA",38.5815719,-121.4943996
802,Never Never Land,NA,NA
803,"Clarkson, Ontario, Canada",43.5230563,-79.6318887
804,Paulo-SP/Brasil,-23.5505199,-46.6333094
805,Peru,NA,NA
806,"Toronto, Canada",43.653226,-79.3831843
807,"Sydney,Australia",NA,NA
808,"Toronto, Ontario",43.653226,-79.3831843
809,"Bethesda, MD",38.984652,-77.0947092
810,"Jefferson City, MO",38.5767017,-92.1735164
811,"Orlando, FL ",28.5383355,-81.3792365
812,"Dallas, TX",32.7766642,-96.7969879
813,"Chicago, IL",NA,NA
814,"Schenectady, NY",42.8142432,-73.9395687
815,"Dover, DE",39.158168,-75.5243682
816,California,36.778261,-119.4179324
817,Halifax,41.991213,-70.861985
818,"Dallas, TX",NA,NA
819,"Florida, USA",27.6648274,-81.5157535
820,Valhalla & Geneva,41.0748188,-73.7751326
821,ottawa,45.4215296,-75.6971931
822,"Memphis, TN",NA,NA
823,"Milwaukee, WI",43.0389025,-87.9064736
824,"Ottawa, Ontario",NA,NA
825,Romania,45.943161,24.96676
826,"Spokane, WA",47.6587802,-117.4260465
827,Scottsdale Arizona,33.4941704,-111.9260519
828,"Washington, DC ",38.9071923,-77.0368707
829,"New Jersey, USA",NA,NA
830,"North Carolina, USA",NA,NA
831,CCIM,41.8903616,-87.6248005
832,"Chicago, IL",41.8781136,-87.6297982
833,"Scottsdale, AZ",33.4941704,-111.9260519
834,"Marion, Va",36.8348383,-81.5148368
835,United States,NA,NA
836,"Brooklyn, Queens, Long Island",40.6918913,-73.9874872
837,FL350 or higher/SCUBA +2atm,NA,NA
838,"Oakland County, Michigan",42.5921924,-83.336188
839,California,NA,NA
840,"Washington, DC",38.9071923,-77.0368707
841,"Tampa Bay, Florida",NA,NA
842,"Los Angeles, CA",34.0522342,-118.2436849
843,"Bethesda, MD",NA,NA
844,"phoenix, Arizona",33.4483771,-112.0740373
845,Canada,NA,NA
846,"Charlotte, NC",NA,NA
847,Canada,NA,NA
848,DrHowardKoh,42.3377142,-71.0714603
849,"Staten Island, NY",40.5795317,-74.1502007
850,"Evansville,Indiana",37.9715592,-87.5710898
851,"Addison, IL",NA,NA
852,"Denver, Colorado",NA,NA
853,"Falls Church, VA",38.882334,-77.1710914
854,"Dallas, Texas",32.7766642,-96.7969879
855,Ottawa ON CANADA,NA,NA
856,"Boston, MA",NA,NA
857,"Bronx, NY",40.8447819,-73.8648268
858,"Mesa, AZ",33.4151843,-111.8314724
859,"Ottawa, Ontario",NA,NA
860,"Simi Valley, CA",NA,NA
861,"Verona, NJ",40.8298006,-74.2401609
862,"Miami, FL",25.7616798,-80.1917902
863,"New York, NY",40.7127753,-74.0059728
864,"Philadelphia, PA",39.9525839,-75.1652215
865,"Massachusetts, USA",42.4072107,-71.3824374
866,San Francisco,37.7749295,-122.4194155
867,Los Angeles,34.0522342,-118.2436849
868,"Houston, TX",NA,NA
869,USA,37.09024,-95.712891
870,"Philadelphia, PA",39.9525839,-75.1652215
871,"Odessa, TX",NA,NA
872,Living on airplanes,NA,NA
873,"Spokane, WA",47.6587802,-117.4260465
874,Nevada,38.8026097,-116.419389
875,New York,NA,NA
876,"Earth, USA",34.2331373,-102.4107493
877,"Sao Paulo, Brazil",-23.5505199,-46.6333094
878,"New York, NY",40.7127753,-74.0059728
879,"New York, New York",36.1023715,-115.1745559
880,"Scottsdale, Arizona, USA",33.4941704,-111.9260519
881,New York City,40.7127753,-74.0059728
882,"Zanesville, OH",NA,NA
883,"Tonawanda, NY",43.0203347,-78.880315
884,"Chicago, IL",41.8781136,-87.6297982
885,"Birmingham, AL",33.5206608,-86.80249
886,"Orange County, CA",33.7174708,-117.8311428
887,"Orange County, CA",33.7174708,-117.8311428
888,New York City,40.7127753,-74.0059728
889,"Algiers,  LA",NA,NA
890,"Dayton, OH",39.7589478,-84.1916069
891,"Brussel, België/Zuid-Holland",NA,NA
892,"Alabama, USA",32.3182314,-86.902298
893,"Washington, D.C.",38.9071923,-77.0368707
894,"Tampa, FL",27.950575,-82.4571776
895,"Hoffman Estates, IL",NA,NA
896,mattbriscoenews,NA,NA
897,"Eastbourne, England",NA,NA
898,"Eastbourne, England",NA,NA
899,US,37.09024,-95.712891
900,Indiana ,NA,NA
901,"Vic, Catalunya",41.9304373,2.2544335
902,"Jos, Nigeria",9.8965273,8.8583309
903,Singapore,1.352083,103.819836
904,United States,NA,NA
905,SAN DIEGO,32.715738,-117.1610838
906,"Santa Fe, TX",NA,NA
907,United States,37.09024,-95.712891
908,"San Diego, CA",32.715738,-117.1610838
909,"Los Angeles, CA",NA,NA
910,"Sacramento, CA",38.5815719,-121.4943996
911,Never Never Land,38.7305685,-75.1567883
912,"Clarkson, Ontario, Canada",NA,NA
913,Paulo-SP/Brasil,-23.5505199,-46.6333094
914,Peru,-9.189967,-75.015152
915,"Toronto, Canada",43.653226,-79.3831843
